Sub-Category,Sales
Chairs,708.721057740842
Phones,578.5152105876155
Tables,432.0673658029674
Storage,277.7095289486479
Bookcases,236.98179018372053
Machines,170.40376941683465
Copiers,140.6479273034042
Accessories,110.98023712976087
Appliances,55.08897848884753
Supplies,-62.333649518350406
