Region,Sales,Profit
East,0.05637807181159393,-62.48171581880868
Central,-84.16728569530504,-473.7262957960828
