Region,Sales,Profit
West,77.5475624624336,408.427735303031
South,6.563345161059478,127.78027631186093
East,0.05637807181159393,-62.48171581880868
Central,-84.16728569530504,-473.7262957960828
